Date;Time;Turbidity
2015-04-09;9:46:49;21.03
2015-04-09;9:48:49;22.45
2015-04-09;9:50:49;20.11
2015-04-09;9:52:49;19.93
2015-04-09;9:54:49;21.60
2015-04-09;9:56:49;22.38
2015-04-09;9:58:49;25.32
2015-04-09;10:00:49;24.75
2015-04-09;10:02:49;21.24
2015-04-09;10:04:49;23.51
2015-04-09;10:06:49;26.07
2015-04-09;10:08:49;25.92
2015-04-09;10:10:49;22.38
2015-04-09;10:12:49;25.64
2015-04-09;10:14:49;23.80
2015-04-09;10:16:49;26.88
2015-04-09;10:18:49;26.10
2015-04-09;10:20:49;23.65
2015-04-09;10:22:49;25.39
2015-04-09;10:24:49;27.59
2015-04-09;10:26:49;33.19
2015-04-09;10:28:49;37.56
2015-04-09;10:30:49;31.53
2015-04-09;10:32:49;34.40
2015-04-09;10:34:49;29.05
2015-04-09;10:36:49;33.58
2015-04-09;10:38:49;34.15
2015-04-09;10:40:49;30.22
2015-04-09;10:42:49;28.12
2015-04-09;10:44:49;35.93
2015-04-09;10:46:49;31.21
2015-04-09;10:48:49;31.53
2015-04-09;10:50:49;29.83
2015-04-09;10:52:49;28.73
2015-04-09;10:54:49;26.42
2015-04-09;10:56:49;28.26
2015-04-09;10:58:49;28.48
2015-04-09;11:00:49;26.42
2015-04-09;11:02:49;27.31
2015-04-09;11:04:49;30.61
2015-04-09;11:06:49;39.33
2015-04-09;11:08:49;41.32
2015-04-09;11:10:49;38.16
2015-04-09;11:12:49;38.87
2015-04-09;11:14:49;39.12
2015-04-09;11:16:49;35.93
2015-04-09;11:18:49;30.78
2015-04-09;11:20:49;43.94
2015-04-09;11:22:49;44.61
2015-04-09;11:24:49;43.90
2015-04-09;11:26:49;44.05
2015-04-09;11:28:49;49.26
2015-04-09;11:30:49;48.23
2015-04-09;11:32:49;53.34
2015-04-09;11:34:49;45.82
2015-04-09;11:36:49;46.14
2015-04-09;11:38:49;58.44
2015-04-09;11:40:49;63.94
2015-04-09;11:42:49;58.98
2015-04-09;11:44:49;54.65
2015-04-09;11:46:49;83.80
2015-04-09;11:48:49;75.68
2015-04-09;11:50:49;80.47
2015-04-09;11:52:49;76.71
2015-04-09;11:54:49;78.34
2015-04-09;11:56:49;85.11
2015-04-09;11:58:49;70.40
2015-04-09;12:00:49;67.38
2015-04-09;12:02:49;63.34
2015-04-09;12:04:49;66.89
2015-04-09;12:06:49;62.81
2015-04-09;12:08:49;72.99
2015-04-09;12:10:49;65.18
2015-04-09;12:12:49;62.63
2015-04-09;12:14:49;67.10
2015-04-09;12:16:49;66.89
2015-04-09;12:18:49;66.39
2015-04-09;12:20:49;62.17
2015-04-09;12:22:49;67.35
2015-04-09;12:24:49;60.50
2015-04-09;12:26:49;63.45
2015-04-09;12:28:49;59.12
2015-04-09;12:30:49;65.75
2015-04-09;12:32:49;59.79
2015-04-09;12:34:49;74.69
2015-04-09;12:36:49;63.87
2015-04-09;12:38:49;63.91
2015-04-09;12:40:49;62.88
2015-04-09;12:42:49;59.33
2015-04-09;12:44:49;77.88
2015-04-09;12:46:49;80.01
2015-04-09;12:48:49;84.01
2015-04-09;12:50:49;81.14
2015-04-09;12:52:49;82.35
2015-04-09;12:54:49;83.09
2015-04-09;12:56:49;95.61
2015-04-09;12:58:49;95.82
2015-04-09;13:00:49;84.65
2015-04-09;13:02:49;96.46
2015-04-09;13:04:49;85.26
2015-04-09;13:06:49;89.23
2015-04-09;13:08:49;90.68
2015-04-09;13:10:49;93.87
2015-04-09;13:12:49;98.91
2015-04-09;13:14:49;77.74
2015-04-09;13:16:49;92.49
2015-04-09;13:18:49;81.85
2015-04-09;13:20:49;89.48
2015-04-09;13:22:49;113.13
2015-04-09;13:24:49;114.62
2015-04-09;13:26:49;101.00
2015-04-09;13:28:49;104.51
2015-04-09;13:30:49;103.34
2015-04-09;13:32:49;94.97
2015-04-09;13:34:49;92.17
2015-04-09;13:36:49;95.19
2015-04-09;13:38:49;94.26
2015-04-09;13:40:49;88.59
2015-04-09;13:42:49;88.84
2015-04-09;13:44:49;92.10
2015-04-09;13:46:49;92.81
2015-04-09;13:48:49;99.83
2015-04-09;13:50:49;118.77
2015-04-09;13:52:49;97.81
2015-04-09;13:54:49;110.26
2015-04-09;13:56:49;112.24
2015-04-09;13:58:49;116.54
2015-04-09;14:00:49;110.36
2015-04-09;14:02:49;102.28
2015-04-09;14:04:49;116.18
2015-04-09;14:06:49;137.92
2015-04-09;14:08:49;108.95
2015-04-09;14:10:49;117.00
2015-04-09;14:12:49;126.93
2015-04-09;14:14:49;126.82
2015-04-09;14:16:49;117.17
2015-04-09;14:18:49;117.63
2015-04-09;14:20:49;98.94
2015-04-09;14:22:49;109.62
2015-04-09;14:24:49;120.83
2015-04-09;14:26:49;126.04
2015-04-09;14:28:49;128.38
2015-04-09;14:30:49;127.49
2015-04-09;14:32:49;123.06
2015-04-09;14:34:49;120.97
2015-04-09;14:36:49;121.39
2015-04-09;14:38:49;122.95
2015-04-09;14:40:49;114.87
2015-04-09;14:42:49;123.84
2015-04-09;14:44:49;140.40
2015-04-09;14:46:49;135.65
2015-04-09;14:48:49;137.60
2015-04-09;14:50:49;127.99
2015-04-09;14:52:49;124.94
2015-04-09;14:54:49;123.45
2015-04-09;14:56:49;121.57
2015-04-09;14:58:49;119.94
2015-04-09;15:00:49;127.95
2015-04-09;15:02:49;126.61
2015-04-09;15:04:49;143.59
2015-04-09;15:06:49;149.30
2015-04-09;15:08:49;143.31
2015-04-09;15:10:49;138.45
2015-04-09;15:12:49;128.91
2015-04-09;15:14:49;131.08
2015-04-09;15:16:49;125.83
2015-04-09;15:18:49;126.89
2015-04-09;15:20:49;122.99
2015-04-09;15:22:49;120.93
2015-04-09;15:24:49;105.29
2015-04-09;15:26:49;112.63
2015-04-09;15:28:49;112.60
2015-04-09;15:30:49;110.90
2015-04-09;15:32:49;103.77
2015-04-09;15:34:49;104.19
2015-04-09;15:36:49;92.06
2015-04-09;15:38:49;100.90
2015-04-09;15:40:49;108.80
2015-04-09;15:42:49;109.58
2015-04-09;15:44:49;101.85
2015-04-09;15:46:49;108.98
2015-04-09;15:48:49;95.65
2015-04-09;15:50:49;94.41
2015-04-09;15:52:49;108.52
2015-04-09;15:54:49;102.35
2015-04-09;15:56:49;102.07
2015-04-09;15:58:49;101.75
2015-04-09;16:00:49;88.91
2015-04-09;16:02:49;90.58
2015-04-09;16:04:49;103.59
2015-04-09;16:06:49;100.26
2015-04-09;16:08:49;102.67
2015-04-09;16:10:49;115.83
2015-04-09;16:12:49;118.20
2015-04-09;16:14:49;138.84
2015-04-09;16:16:49;145.01
2015-04-09;16:18:49;151.25
2015-04-09;16:20:49;142.81
2015-04-09;16:22:49;161.93
2015-04-09;16:24:49;193.46
2015-04-09;16:26:49;198.28
2015-04-09;16:28:49;156.93
2015-04-09;16:30:49;174.77
2015-04-09;16:32:49;191.68
2015-04-09;16:34:49;214.24
2015-04-09;16:36:49;206.61
2015-04-09;16:38:49;222.89
2015-04-09;16:40:49;228.50
2015-04-09;16:42:49;234.74
2015-04-09;16:44:49;260.38
2015-04-09;16:46:49;261.19
2015-04-09;16:48:49;264.03
2015-04-09;16:50:49;292.93
2015-04-09;16:52:49;311.13
2015-04-09;16:54:49;316.20
2015-04-09;16:56:49;305.88
2015-04-09;16:58:49;322.94
2015-04-09;17:00:49;324.85
2015-04-09;17:02:49;298.22
2015-04-09;17:04:49;317.33
2015-04-09;17:06:49;304.42
2015-04-09;17:08:49;317.58
2015-04-09;17:10:49;304.07
2015-04-09;17:12:49;300.24
2015-04-09;17:14:49;303.89
2015-04-09;17:16:49;319.82
2015-04-09;17:18:49;319.46
2015-04-09;17:20:49;320.67
2015-04-09;17:22:49;316.09
2015-04-09;17:24:49;320.63
2015-04-09;17:26:49;308.47
2015-04-09;17:28:49;337.97
2015-04-09;17:30:49;309.00
2015-04-09;17:32:49;356.80
2015-04-09;17:34:49;336.27
2015-04-09;17:36:49;326.77
2015-04-09;17:38:49;355.63
2015-04-09;17:40:49;345.10
2015-04-09;17:42:49;340.35
2015-04-09;17:44:49;318.96
2015-04-09;17:46:49;336.84
2015-04-09;17:48:49;338.58
2015-04-09;17:50:49;350.88
2015-04-09;17:52:49;367.76
2015-04-09;17:54:49;375.85
2015-04-09;17:56:49;395.67
2015-04-09;17:58:49;399.26
2015-04-09;18:00:49;398.72
2015-04-09;18:02:49;381.17
2015-04-09;18:04:49;360.81
2015-04-09;18:06:49;379.96
2015-04-09;18:08:49;351.66
2015-04-09;18:10:49;342.34
2015-04-09;18:12:49;330.10
2015-04-09;18:14:49;324.60
2015-04-09;18:16:49;317.33
2015-04-09;18:18:49;303.93
2015-04-09;18:20:49;293.86
2015-04-09;18:22:49;296.30
2015-04-09;18:24:49;309.89
2015-04-09;18:26:49;303.61
2015-04-09;18:28:49;320.31
2015-04-09;18:30:49;332.12
2015-04-09;18:32:49;348.65
2015-04-09;18:34:49;337.76
2015-04-09;18:36:49;375.57
2015-04-09;18:38:49;384.57
2015-04-09;18:40:49;395.43
2015-04-09;18:42:49;407.27
2015-04-09;18:44:49;427.87
2015-04-09;18:46:49;445.71
2015-04-09;18:48:49;455.68
2015-04-09;18:50:49;483.77
2015-04-09;18:52:49;485.47
2015-04-09;18:54:49;514.37
2015-04-09;18:56:49;513.13
2015-04-09;18:58:49;551.96
2015-04-09;19:00:49;534.05
2015-04-09;19:02:49;517.49
2015-04-09;19:04:49;535.76
2015-04-09;19:06:49;606.58
2015-04-09;19:08:49;556.89
2015-04-09;19:10:49;677.40
2015-04-09;19:12:49;691.44
2015-04-09;19:14:49;667.40
2015-04-09;19:16:49;778.76
2015-04-09;19:18:49;839.47
2015-04-09;19:20:49;1071.83
2015-04-09;19:22:49;926.96
2015-04-09;19:24:49;1029.17
2015-04-09;19:26:49;1127.65
2015-04-09;19:28:49;1161.42
2015-04-09;19:30:49;1161.42
2015-04-09;19:32:49;1161.42
2015-04-09;19:34:49;1161.42
2015-04-09;19:36:49;1161.42
2015-04-09;19:38:49;1161.42
2015-04-09;19:40:49;1161.42
2015-04-09;19:42:49;1161.42
2015-04-09;19:44:49;1161.42
2015-04-09;19:46:49;1161.42
2015-04-09;19:48:49;1161.42
2015-04-09;19:50:49;1161.42
2015-04-09;19:52:49;1161.42
2015-04-09;19:54:49;1161.42
2015-04-09;19:56:49;1161.42
2015-04-09;19:58:49;1161.42
2015-04-09;20:00:49;1161.42
2015-04-09;20:02:49;1161.42
2015-04-09;20:04:49;1161.42
2015-04-09;20:06:49;1144.50
2015-04-09;20:08:49;1156.17
2015-04-09;20:10:49;1136.31
2015-04-09;20:12:49;1093.25
2015-04-09;20:14:49;1092.93
2015-04-09;20:16:49;1010.69
2015-04-09;20:18:49;1017.25
2015-04-09;20:20:49;1029.06
2015-04-09;20:22:49;991.44
2015-04-09;20:24:49;1136.63
2015-04-09;20:26:49;980.30
2015-04-09;20:28:49;979.20
2015-04-09;20:30:49;1009.27
2015-04-09;20:32:49;1002.25
2015-04-09;20:34:49;979.70
2015-04-09;20:36:49;998.49
2015-04-09;20:38:49;949.41
2015-04-09;20:40:49;992.18
2015-04-09;20:42:49;920.83
2015-04-09;20:44:49;990.37
2015-04-09;20:46:49;945.72
2015-04-09;20:48:49;924.20
2015-04-09;20:50:49;865.22
2015-04-09;20:52:49;838.23
2015-04-09;20:54:49;842.38
2015-04-09;20:56:49;861.78
2015-04-09;20:58:49;851.28
2015-04-09;21:00:49;813.41
2015-04-09;21:02:49;831.17
2015-04-09;21:04:49;742.05
2015-04-09;21:06:49;734.68
2015-04-09;21:08:49;690.17
2015-04-09;21:10:49;706.37
2015-04-09;21:12:49;636.86
2015-04-09;21:14:49;759.78
2015-04-09;21:16:49;579.13
2015-04-09;21:18:49;650.02
2015-04-09;21:20:49;579.06
2015-04-09;21:22:49;556.79
2015-04-09;21:24:49;576.08
2015-04-09;21:26:49;522.60
2015-04-09;21:28:49;491.18
2015-04-09;21:30:49;550.33
2015-04-09;21:32:49;498.91
2015-04-09;21:34:49;583.14
2015-04-09;21:36:49;476.78
2015-04-09;21:38:49;482.17
2015-04-09;21:40:49;557.32
2015-04-09;21:42:49;442.81
2015-04-09;21:44:49;424.19
2015-04-09;21:46:49;423.94
2015-04-09;21:48:49;425.04
2015-04-09;21:50:49;414.50
2015-04-09;21:52:49;390.25
2015-04-09;21:54:49;377.94
2015-04-09;21:56:49;405.11
2015-04-09;21:58:49;372.62
2015-04-09;22:00:49;477.95
2015-04-09;22:02:49;540.65
2015-04-09;22:04:49;377.62
2015-04-09;22:06:49;360.14
2015-04-09;22:08:49;382.45
2015-04-09;22:10:49;412.09
2015-04-09;22:12:49;363.79
2015-04-09;22:14:49;349.64
2015-04-09;22:16:49;329.04
2015-04-09;22:18:49;333.61
2015-04-09;22:20:49;334.68
2015-04-09;22:22:49;336.73
2015-04-09;22:24:49;343.47
2015-04-09;22:26:49;345.88
2015-04-09;22:28:49;356.95
2015-04-09;22:30:49;341.48
2015-04-09;22:32:49;306.45
2015-04-09;22:34:49;331.38
2015-04-09;22:36:49;321.16
2015-04-09;22:38:49;318.15
2015-04-09;22:40:49;376.98
2015-04-09;22:42:49;297.62
2015-04-09;22:44:49;316.98
2015-04-09;22:46:49;328.01
2015-04-09;22:48:49;281.62
2015-04-09;22:50:49;285.49
2015-04-09;22:52:49;322.44
2015-04-09;22:54:49;285.49
2015-04-09;22:56:49;305.95
2015-04-09;22:58:49;289.88
2015-04-09;23:00:49;301.94
2015-04-09;23:02:49;277.37
2015-04-09;23:04:49;366.45
2015-04-09;23:06:49;303.32
2015-04-09;23:08:49;335.77
2015-04-09;23:10:49;353.15
2015-04-09;23:12:49;349.11
2015-04-09;23:14:49;314.74
2015-04-09;23:16:49;362.02
2015-04-09;23:18:49;339.39
2015-04-09;23:20:49;485.08
2015-04-09;23:22:49;341.87
2015-04-09;23:24:49;343.54
2015-04-09;23:26:49;338.97
2015-04-09;23:28:49;348.08
2015-04-09;23:30:49;345.07
2015-04-09;23:32:49;386.59
2015-04-09;23:34:49;312.26
2015-04-09;23:36:49;308.36
2015-04-09;23:38:49;566.43
2015-04-09;23:40:49;336.73
2015-04-09;23:42:49;375.81
2015-04-09;23:44:49;329.00
2015-04-09;23:46:49;376.03
2015-04-09;23:48:49;321.87
2015-04-09;23:50:49;335.74
2015-04-09;23:52:49;316.48
2015-04-09;23:54:49;327.94
2015-04-09;23:56:49;340.81
2015-04-09;23:58:49;292.51
2015-04-10;0:00:49;307.76
2015-04-10;0:02:49;302.90
2015-04-10;0:04:49;287.26
2015-04-10;0:06:49;276.30
2015-04-10;0:08:49;272.36
2015-04-10;0:10:49;269.99
2015-04-10;0:12:49;266.83
2015-04-10;0:14:49;256.76
2015-04-10;0:16:49;266.02
2015-04-10;0:18:49;250.55
2015-04-10;0:20:49;275.34
2015-04-10;0:22:49;249.21
2015-04-10;0:24:49;241.97
2015-04-10;0:26:49;246.72
2015-04-10;0:28:49;248.32
2015-04-10;0:30:49;236.90
2015-04-10;0:32:49;246.26
2015-04-10;0:34:49;250.91
2015-04-10;0:36:49;250.13
2015-04-10;0:38:49;250.59
2015-04-10;0:40:49;244.49
2015-04-10;0:42:49;249.99
2015-04-10;0:44:49;257.72
2015-04-10;0:46:49;251.90
2015-04-10;0:48:49;265.70
2015-04-10;0:50:49;293.64
2015-04-10;0:52:49;225.09
2015-04-10;0:54:49;237.26
2015-04-10;0:56:49;233.82
2015-04-10;0:58:49;239.06
2015-04-10;1:00:49;240.13
2015-04-10;1:02:49;233.74
2015-04-10;1:04:49;244.53
2015-04-10;1:06:49;273.43
2015-04-10;1:08:49;246.79
2015-04-10;1:10:49;247.82
2015-04-10;1:12:49;216.65
2015-04-10;1:14:49;213.78
2015-04-10;1:16:49;222.68
2015-04-10;1:18:49;249.45
2015-04-10;1:20:49;213.92
2015-04-10;1:22:49;221.86
2015-04-10;1:24:49;203.64
2015-04-10;1:26:49;217.08
2015-04-10;1:28:49;203.03
2015-04-10;1:30:49;202.39
2015-04-10;1:32:49;203.21
2015-04-10;1:34:49;206.86
2015-04-10;1:36:49;197.46
2015-04-10;1:38:49;198.32
2015-04-10;1:40:49;196.86
2015-04-10;1:42:49;202.61
2015-04-10;1:44:49;187.57
2015-04-10;1:46:49;206.93
2015-04-10;1:48:49;194.63
2015-04-10;1:50:49;188.88
2015-04-10;1:52:49;206.15
2015-04-10;1:54:49;186.58
2015-04-10;1:56:49;210.34
2015-04-10;1:58:49;195.87
2015-04-10;2:00:49;199.56
2015-04-10;2:02:49;210.87
2015-04-10;2:04:49;190.27
2015-04-10;2:06:49;200.05
2015-04-10;2:08:49;204.45
2015-04-10;2:10:49;219.49
2015-04-10;2:12:49;208.00
2015-04-10;2:14:49;202.64
2015-04-10;2:16:49;202.96
2015-04-10;2:18:49;223.81
2015-04-10;2:20:49;238.74
2015-04-10;2:22:49;235.30
2015-04-10;2:24:49;306.91
2015-04-10;2:26:49;250.38
2015-04-10;2:28:49;279.46
2015-04-10;2:30:49;260.13
2015-04-10;2:32:49;263.71
2015-04-10;2:34:49;276.23
2015-04-10;2:36:49;349.61
2015-04-10;2:38:49;298.25
2015-04-10;2:40:49;284.67
2015-04-10;2:42:49;299.85
2015-04-10;2:44:49;304.07
2015-04-10;2:46:49;331.13
2015-04-10;2:48:49;341.27
2015-04-10;2:50:49;300.56
2015-04-10;2:52:49;345.14
2015-04-10;2:54:49;343.33
2015-04-10;2:56:49;316.09
2015-04-10;2:58:49;375.10
2015-04-10;3:00:49;340.99
2015-04-10;3:02:49;364.82
2015-04-10;3:04:49;341.63
2015-04-10;3:06:49;375.14
2015-04-10;3:08:49;334.53
2015-04-10;3:10:49;605.27
2015-04-10;3:12:49;319.78
2015-04-10;3:14:49;344.75
2015-04-10;3:16:49;342.51
2015-04-10;3:18:49;366.59
2015-04-10;3:20:49;400.71
2015-04-10;3:22:49;334.43
2015-04-10;3:24:49;342.30
2015-04-10;3:26:49;345.95
2015-04-10;3:28:49;432.45
2015-04-10;3:30:49;351.80
2015-04-10;3:32:49;385.25
2015-04-10;3:34:49;381.98
2015-04-10;3:36:49;420.82
2015-04-10;3:38:49;395.99
2015-04-10;3:40:49;407.52
2015-04-10;3:42:49;396.03
2015-04-10;3:44:49;445.86
2015-04-10;3:46:49;431.17
2015-04-10;3:48:49;475.96
2015-04-10;3:50:49;490.47
2015-04-10;3:52:49;434.58
2015-04-10;3:54:49;426.49
2015-04-10;3:56:49;452.95
2015-04-10;3:58:49;455.54
2015-04-10;4:00:49;577.46
2015-04-10;4:02:49;380.57
2015-04-10;4:04:49;401.92
2015-04-10;4:06:49;374.22
2015-04-10;4:08:49;377.41
2015-04-10;4:10:49;368.15
2015-04-10;4:12:49;359.75
2015-04-10;4:14:49;373.86
2015-04-10;4:16:49;400.53
2015-04-10;4:18:49;351.88
2015-04-10;4:20:49;360.07
2015-04-10;4:22:49;347.97
2015-04-10;4:24:49;368.47
2015-04-10;4:26:49;376.06
2015-04-10;4:28:49;368.26
2015-04-10;4:30:49;325.63
2015-04-10;4:32:49;354.46
2015-04-10;4:34:49;343.12
2015-04-10;4:36:49;380.10
2015-04-10;4:38:49;292.44
2015-04-10;4:40:49;313.57
2015-04-10;4:42:49;298.29
2015-04-10;4:44:49;312.58
2015-04-10;4:46:49;311.20
2015-04-10;4:48:49;320.21
2015-04-10;4:50:49;400.35
2015-04-10;4:52:49;339.50
2015-04-10;4:54:49;311.30
2015-04-10;4:56:49;288.39
2015-04-10;4:58:49;269.88
2015-04-10;5:00:49;284.81
2015-04-10;5:02:49;271.23
2015-04-10;5:04:49;286.73
2015-04-10;5:06:49;262.79
2015-04-10;5:08:49;281.66
2015-04-10;5:10:49;274.03
2015-04-10;5:12:49;317.30
2015-04-10;5:14:49;258.46
2015-04-10;5:16:49;243.85
2015-04-10;5:18:49;262.12
2015-04-10;5:20:49;246.87
2015-04-10;5:22:49;256.12
2015-04-10;5:24:49;223.28
2015-04-10;5:26:49;249.70
2015-04-10;5:28:49;247.15
2015-04-10;5:30:49;251.44
2015-04-10;5:32:49;223.81
2015-04-10;5:34:49;215.30
2015-04-10;5:36:49;223.57
2015-04-10;5:38:49;223.00
2015-04-10;5:40:49;220.23
2015-04-10;5:42:49;201.47
2015-04-10;5:44:49;202.36
2015-04-10;5:46:49;196.58
2015-04-10;5:48:49;196.90
2015-04-10;5:50:49;203.56
2015-04-10;5:52:49;242.82
2015-04-10;5:54:49;210.94
2015-04-10;5:56:49;214.03
2015-04-10;5:58:49;208.42
2015-04-10;6:00:49;201.19
2015-04-10;6:02:49;202.43
2015-04-10;6:04:49;201.26
2015-04-10;6:06:49;233.46
2015-04-10;6:08:49;269.81
2015-04-10;6:10:49;209.03
2015-04-10;6:12:49;203.42
2015-04-10;6:14:49;205.34
2015-04-10;6:16:49;203.56
2015-04-10;6:18:49;191.75
2015-04-10;6:20:49;186.54
2015-04-10;6:22:49;192.85
2015-04-10;6:24:49;194.10
2015-04-10;6:26:49;178.07
2015-04-10;6:28:49;180.55
2015-04-10;6:30:49;175.44
2015-04-10;6:32:49;184.02
2015-04-10;6:34:49;182.25
2015-04-10;6:36:49;172.36
2015-04-10;6:38:49;181.08
2015-04-10;6:40:49;180.09
2015-04-10;6:42:49;175.83
2015-04-10;6:44:49;181.65
2015-04-10;6:46:49;179.98
2015-04-10;6:48:49;186.79
2015-04-10;6:50:49;186.47
2015-04-10;6:52:49;184.02
2015-04-10;6:54:49;195.69
2015-04-10;6:56:49;179.31
2015-04-10;6:58:49;184.80
2015-04-10;7:00:49;185.09
2015-04-10;7:02:49;190.51
2015-04-10;7:04:49;192.14
2015-04-10;7:06:49;193.56
2015-04-10;7:08:49;201.33
2015-04-10;7:10:49;200.20
2015-04-10;7:12:49;203.42
2015-04-10;7:14:49;220.73
2015-04-10;7:16:49;217.25
2015-04-10;7:18:49;209.66
2015-04-10;7:20:49;255.80
2015-04-10;7:22:49;285.24
2015-04-10;7:24:49;229.77
2015-04-10;7:26:49;232.82
2015-04-10;7:28:49;255.55
2015-04-10;7:30:49;247.65
2015-04-10;7:32:49;246.72
2015-04-10;7:34:49;273.61
2015-04-10;7:36:49;272.51
2015-04-10;7:38:49;281.16
2015-04-10;7:40:49;291.09
2015-04-10;7:42:49;273.25
2015-04-10;7:44:49;288.54
2015-04-10;7:46:49;292.61
2015-04-10;7:48:49;300.91
2015-04-10;7:50:49;375.85
2015-04-10;7:52:49;308.89
2015-04-10;7:54:49;305.49
2015-04-10;7:56:49;312.58
2015-04-10;7:58:49;316.80
2015-04-10;8:00:49;341.17
2015-04-10;8:02:49;332.83
2015-04-10;8:04:49;386.38
2015-04-10;8:06:49;345.67
2015-04-10;8:08:49;348.29
2015-04-10;8:10:49;343.68
2015-04-10;8:12:49;349.11
2015-04-10;8:14:49;441.99
2015-04-10;8:16:49;368.05
2015-04-10;8:18:49;404.33
2015-04-10;8:20:49;351.59
2015-04-10;8:22:49;350.10
2015-04-10;8:24:49;364.82
2015-04-10;8:26:49;386.91
2015-04-10;8:28:49;377.05
2015-04-10;8:30:49;348.36
2015-04-10;8:32:49;340.63
2015-04-10;8:34:49;349.43
2015-04-10;8:36:49;384.22
2015-04-10;8:38:49;354.78
2015-04-10;8:40:49;360.35
2015-04-10;8:42:49;328.11
2015-04-10;8:44:49;345.46
2015-04-10;8:46:49;335.10
2015-04-10;8:48:49;324.25
2015-04-10;8:50:49;334.99
2015-04-10;8:52:49;358.33
2015-04-10;8:54:49;326.84
2015-04-10;8:56:49;360.28
2015-04-10;8:58:49;344.82
2015-04-10;9:00:49;329.99
2015-04-10;9:02:49;334.25
2015-04-10;9:04:49;368.26
2015-04-10;9:06:49;311.16
2015-04-10;9:08:49;366.34
2015-04-10;9:10:49;320.63
2015-04-10;9:12:49;375.25
2015-04-10;9:14:49;359.39
2015-04-10;9:16:49;309.00
2015-04-10;9:18:49;304.14
2015-04-10;9:20:49;305.70
2015-04-10;9:22:49;295.24
2015-04-10;9:24:49;298.93
2015-04-10;9:26:49;307.62
2015-04-10;9:28:49;300.95
2015-04-10;9:30:49;325.99
2015-04-10;9:32:49;266.37
2015-04-10;9:34:49;289.00
2015-04-10;9:36:49;251.72
2015-04-10;9:38:49;290.73
2015-04-10;9:40:49;262.36
2015-04-10;9:42:49;264.81
2015-04-10;9:44:49;270.77
2015-04-10;9:46:49;253.36
2015-04-10;9:48:49;255.31
2015-04-10;9:50:49;252.72
2015-04-10;9:52:49;252.79
2015-04-10;9:54:49;243.78
2015-04-10;9:56:49;245.02
2015-04-10;9:58:49;247.97
2015-04-10;10:00:49;246.69
2015-04-10;10:02:49;226.01
2015-04-10;10:04:49;237.01
2015-04-10;10:06:49;427.09
2015-04-10;10:08:49;222.93
2015-04-10;10:10:49;231.30
2015-04-10;10:12:49;220.59
2015-04-10;10:14:49;213.17
2015-04-10;10:16:49;215.09
2015-04-10;10:18:49;212.93
2015-04-10;10:20:49;216.26
2015-04-10;10:22:49;208.32
2015-04-10;10:24:49;212.08
2015-04-10;10:26:49;202.71
2015-04-10;10:28:49;267.93
2015-04-10;10:30:49;210.62
2015-04-10;10:32:49;210.02
2015-04-10;10:34:49;202.64
2015-04-10;10:36:49;192.14
2015-04-10;10:38:49;194.84
2015-04-10;10:40:49;197.71
2015-04-10;10:42:49;201.19
2015-04-10;10:44:49;197.78
2015-04-10;10:46:49;201.44
2015-04-10;10:48:49;184.09
2015-04-10;10:50:49;190.30
2015-04-10;10:52:49;182.60
2015-04-10;10:54:49;186.47
2015-04-10;10:56:49;186.79
2015-04-10;10:58:49;189.06
2015-04-10;11:00:49;184.24
2015-04-10;11:02:49;179.45
2015-04-10;11:04:49;176.47
2015-04-10;11:06:49;182.11
2015-04-10;11:08:49;214.95
2015-04-10;11:10:49;167.67
2015-04-10;11:12:49;174.09
2015-04-10;11:14:49;175.41
2015-04-10;11:16:49;177.14
2015-04-10;11:18:49;175.58
2015-04-10;11:20:49;167.36
2015-04-10;11:22:49;173.88
2015-04-10;11:24:49;173.46
2015-04-10;11:26:49;167.11
2015-04-10;11:28:49;169.48
2015-04-10;11:30:49;170.37
2015-04-10;11:32:49;164.98
2015-04-10;11:34:49;158.42
2015-04-10;11:36:49;156.01
2015-04-10;11:38:49;163.10
2015-04-10;11:40:49;158.56
2015-04-10;11:42:49;156.89
2015-04-10;11:44:49;162.64
2015-04-10;11:46:49;157.74
2015-04-10;11:48:49;167.57
2015-04-10;11:50:49;159.48
2015-04-10;11:52:49;164.38
2015-04-10;11:54:49;154.27
2015-04-10;11:56:49;160.83
2015-04-10;11:58:49;166.40
2015-04-10;12:00:49;161.61
2015-04-10;12:02:49;161.08
2015-04-10;12:04:49;159.45
2015-04-10;12:06:49;169.23
2015-04-10;12:08:49;160.51
2015-04-10;12:10:49;158.06
2015-04-10;12:12:49;166.58
2015-04-10;12:14:49;176.26
2015-04-10;12:16:49;185.30
2015-04-10;12:18:49;202.15
2015-04-10;12:20:49;206.79
2015-04-10;12:22:49;213.07
2015-04-10;12:24:49;186.33
2015-04-10;12:26:49;182.50
2015-04-10;12:28:49;188.14
2015-04-10;12:30:49;167.57
2015-04-10;12:32:49;169.23
2015-04-10;12:34:49;159.16
2015-04-10;12:36:49;165.48
2015-04-10;12:38:49;154.34
2015-04-10;12:40:49;151.86
2015-04-10;12:42:49;156.22
2015-04-10;12:44:49;153.81
2015-04-10;12:46:49;149.73
2015-04-10;12:48:49;154.73
2015-04-10;12:50:49;162.35
2015-04-10;12:52:49;160.05
2015-04-10;12:54:49;158.10
2015-04-10;12:56:49;151.93
2015-04-10;12:58:49;158.52
2015-04-10;13:00:49;163.67
2015-04-10;13:02:49;150.16
2015-04-10;13:04:49;154.87
2015-04-10;13:06:49;163.03
2015-04-10;13:08:49;170.37
2015-04-10;13:10:49;162.67
2015-04-10;13:12:49;144.09
2015-04-10;13:14:49;153.84
2015-04-10;13:16:49;146.93
2015-04-10;13:18:49;148.45
2015-04-10;13:20:49;148.59
2015-04-10;13:22:49;145.65
2015-04-10;13:24:49;137.53
2015-04-10;13:26:49;139.05
2015-04-10;13:28:49;138.03
2015-04-10;13:30:49;137.07
2015-04-10;13:32:49;139.87
2015-04-10;13:34:49;142.49
2015-04-10;13:36:49;146.82
2015-04-10;13:38:49;139.62
2015-04-10;13:40:49;138.35
2015-04-10;13:42:49;132.21
2015-04-10;13:44:49;129.20
2015-04-10;13:46:49;127.53
2015-04-10;13:48:49;131.68
2015-04-10;13:50:49;134.66
2015-04-10;13:52:49;132.74
2015-04-10;13:54:49;136.89
2015-04-10;13:56:49;130.90
2015-04-10;13:58:49;128.13
2015-04-10;14:00:49;132.07
2015-04-10;14:02:49;141.15
2015-04-10;14:04:49;130.01
2015-04-10;14:06:49;127.42
2015-04-10;14:08:49;131.04
2015-04-10;14:10:49;129.91
2015-04-10;14:11:37;127.07
2015-04-10;14:13:37;120.68
2015-04-10;14:15:37;132.60
2015-04-10;14:17:37;131.89
2015-04-10;14:19:37;131.32
2015-04-10;14:21:37;124.44
2015-04-10;14:23:37;122.67
2015-04-10;14:25:37;126.54
2015-04-10;14:27:37;120.29
2015-04-10;14:29:37;124.44
2015-04-10;14:31:37;121.85
2015-04-10;14:33:37;122.39
2015-04-10;14:35:37;127.25
2015-04-10;14:37:37;115.01
2015-04-10;14:39:37;126.86
2015-04-10;14:41:37;118.66
2015-04-10;14:43:37;138.95
2015-04-10;14:45:37;115.83
2015-04-10;14:47:37;121.00
2015-04-10;14:49:37;116.96
2015-04-10;14:51:37;118.52
2015-04-10;14:53:37;122.53
2015-04-10;14:55:37;116.25
2015-04-10;14:57:37;115.93
2015-04-10;14:59:37;117.39
2015-04-10;15:01:37;121.93
2015-04-10;15:03:37;122.99
2015-04-10;15:05:37;122.74
2015-04-10;15:07:37;120.40
2015-04-10;15:09:37;120.93
2015-04-10;15:11:37;126.32
2015-04-10;15:13:37;127.71
2015-04-10;15:15:37;117.74
2015-04-10;15:17:37;130.90
2015-04-10;15:19:37;119.44
2015-04-10;15:21:37;116.71
2015-04-10;15:23:37;127.46
2015-04-10;15:25:37;119.48
2015-04-10;15:27:37;110.93
2015-04-10;15:29:37;114.48
2015-04-10;15:31:37;120.97
2015-04-10;15:33:37;112.74
2015-04-10;15:35:37;115.22
2015-04-10;15:37:37;117.17
2015-04-10;15:39:37;117.10
2015-04-10;15:41:37;118.91
2015-04-10;15:43:37;107.88
2015-04-10;15:45:37;116.61
2015-04-10;15:47:37;105.90
2015-04-10;15:49:37;111.07
2015-04-10;15:51:37;112.63
2015-04-10;15:53:37;108.31
2015-04-10;15:55:37;107.67
2015-04-10;15:57:37;114.62
2015-04-10;15:59:37;112.35
2015-04-10;16:01:37;111.00
2015-04-10;16:03:37;114.27
2015-04-10;16:05:37;107.31
2015-04-10;16:07:37;106.00
2015-04-10;16:09:37;114.23
2015-04-10;16:11:37;117.42
2015-04-10;16:13:37;112.63
2015-04-10;16:15:37;117.95
2015-04-10;16:17:37;118.06
2015-04-10;16:19:37;119.34
2015-04-10;16:21:37;106.82
2015-04-10;16:23:37;107.78
2015-04-10;16:25:37;109.16
2015-04-10;16:27:37;107.07
2015-04-10;16:29:37;105.47
2015-04-10;16:31:37;107.78
2015-04-10;16:33:37;111.57
2015-04-10;16:35:37;108.17
2015-04-10;16:37:37;105.08
2015-04-10;16:39:37;121.61
2015-04-10;16:41:37;119.90
2015-04-10;16:43:37;124.87
2015-04-10;16:45:37;126.96
2015-04-10;16:47:37;131.68
2015-04-10;16:49:37;127.99
2015-04-10;16:51:37;127.64
2015-04-10;16:53:37;116.29
2015-04-10;16:55:37;123.77
2015-04-10;16:57:37;115.22
2015-04-10;16:59:37;122.63
2015-04-10;17:01:37;118.52
2015-04-10;17:03:37;114.69
2015-04-10;17:05:37;121.50
2015-04-10;17:07:37;112.71
2015-04-10;17:09:37;106.46
2015-04-10;17:11:37;108.73
2015-04-10;17:13:37;104.62
2015-04-10;17:15:37;105.40
2015-04-10;17:17:37;102.46
2015-04-10;17:19:37;108.27
2015-04-10;17:21:37;101.29
2015-04-10;17:23:37;105.61
2015-04-10;17:25:37;105.82
2015-04-10;17:27:37;133.31
2015-04-10;17:29:37;120.33
2015-04-10;17:31:37;127.99
2015-04-10;17:33:37;129.44
2015-04-10;17:35:37;137.18
2015-04-10;17:37:37;128.17
2015-04-10;17:39:37;125.15
2015-04-10;17:41:37;123.42
2015-04-10;17:43:37;131.18
2015-04-10;17:45:37;102.38
2015-04-10;17:47:37;113.73
2015-04-10;17:49:37;108.48
2015-04-10;17:51:37;113.84
2015-04-10;17:53:37;103.31
2015-04-10;17:55:37;100.68
2015-04-10;17:57:37;103.13
2015-04-10;17:59:37;105.51
2015-04-10;18:01:37;104.73
2015-04-10;18:03:37;104.05
2015-04-10;18:05:37;105.12
2015-04-10;18:07:37;96.18
2015-04-10;18:09:37;104.94
2015-04-11;9:32:47;67.63
2015-04-11;9:34:47;59.97
2015-04-11;9:36:47;77.70
2015-04-11;9:38:47;63.02
2015-04-11;9:40:47;69.01
2015-04-11;9:42:47;73.66
2015-04-11;9:44:47;72.56
2015-04-11;9:46:47;79.40
2015-04-11;9:48:47;84.40
2015-04-11;9:50:47;88.87
2015-04-11;9:52:47;89.97
2015-04-11;9:54:47;89.80
2015-04-11;9:56:47;85.97
2015-04-11;9:58:47;86.67
2015-04-11;10:00:47;84.09
2015-04-11;10:02:47;87.99
2015-04-11;10:04:47;87.70
2015-04-11;10:06:47;90.79
2015-04-11;10:08:47;95.50
2015-04-11;10:10:47;81.78
2015-04-11;10:12:47;86.28
2015-04-11;10:14:47;79.16
2015-04-11;10:16:47;83.27
2015-04-11;10:18:47;85.33
2015-04-11;10:20:47;82.10
2015-04-11;10:22:47;79.30
2015-04-11;10:24:47;74.30
2015-04-11;10:26:47;80.47
2015-04-11;10:28:47;61.18
2015-04-11;10:30:47;67.03
2015-04-11;10:32:47;70.72
2015-04-11;10:34:47;63.30
2015-04-11;10:36:47;61.81
2015-04-11;10:38:47;66.21
2015-04-11;10:40:47;67.35
2015-04-11;10:42:47;64.12
2015-04-11;10:44:47;71.99
2015-04-11;10:46:47;59.54
2015-04-11;10:48:47;52.95
2015-04-11;10:50:47;64.08
2015-04-11;10:52:47;58.84
2015-04-11;10:54:47;60.01
2015-04-11;10:56:47;58.73
2015-04-11;10:58:47;68.59
2015-04-11;11:00:47;64.86
2015-04-11;11:02:47;63.06
2015-04-11;11:04:47;76.96
2015-04-11;11:06:47;66.14
2015-04-11;11:08:47;71.57
2015-04-11;11:10:47;65.61
2015-04-11;11:12:47;63.16
2015-04-11;11:14:47;65.64
2015-04-11;11:16:47;63.09
2015-04-11;11:18:47;61.25
2015-04-11;11:20:47;55.61
2015-04-11;11:22:47;60.79
2015-04-11;11:24:47;52.98
2015-04-11;11:26:47;52.98
2015-04-11;11:28:47;57.06
2015-04-11;11:30:47;53.69
2015-04-11;11:32:47;64.62
2015-04-11;11:34:47;56.57
2015-04-11;11:36:47;62.98
2015-04-11;11:38:47;55.47
2015-04-11;11:40:47;58.73
2015-04-11;11:42:47;53.66
2015-04-11;11:44:47;56.18
2015-04-11;11:46:47;58.23
2015-04-11;11:48:47;58.13
2015-04-11;11:50:47;53.09
2015-04-11;11:52:47;54.97
2015-04-11;11:54:47;57.31
2015-04-11;11:56:47;57.13
2015-04-11;11:58:47;52.45
2015-04-11;12:00:47;48.87
2015-04-11;12:02:47;56.39
2015-04-11;12:04:47;54.69
2015-04-11;12:06:47;53.30
2015-04-11;12:08:47;54.01
2015-04-11;12:10:47;51.85
2015-04-11;12:12:47;56.46
2015-04-11;12:14:47;50.93
2015-04-11;12:16:47;54.72
2015-04-11;12:18:47;53.09
2015-04-11;12:20:47;51.07
2015-04-11;12:22:47;56.18
2015-04-11;12:24:47;55.89
2015-04-11;12:26:47;53.52
2015-04-11;12:28:47;58.80
2015-04-11;12:30:47;56.32
2015-04-11;12:32:47;54.44
2015-04-11;12:34:47;74.08
2015-04-11;12:36:47;57.66
2015-04-11;12:38:47;56.00
2015-04-11;12:40:47;59.08
2015-04-11;12:42:47;60.08
2015-04-11;12:44:47;64.62
2015-04-11;12:46:47;51.95
2015-04-11;12:48:47;60.68
2015-04-11;12:50:47;53.37
2015-04-11;12:52:47;48.94
2015-04-11;12:54:47;56.25
2015-04-11;12:56:47;57.31
2015-04-11;12:58:47;60.47
2015-04-11;13:00:47;62.35
2015-04-11;13:02:47;57.27
2015-04-11;13:04:47;61.00
2015-04-11;13:06:47;53.55
2015-04-11;13:08:47;57.98
2015-04-11;13:10:47;55.64
2015-04-11;13:12:47;56.99
2015-04-11;13:14:47;52.74
2015-04-11;13:16:47;56.85
2015-04-11;13:18:47;56.32
2015-04-11;13:20:47;56.88
2015-04-11;13:22:47;52.38
2015-04-11;13:24:47;70.08
2015-04-11;13:26:47;64.69
2015-04-11;13:28:47;65.82
2015-04-11;13:30:47;70.47
2015-04-11;13:32:47;66.60
2015-04-11;13:34:47;57.06
2015-04-11;13:36:47;64.05
2015-04-11;13:38:47;58.66
2015-04-11;13:40:47;58.20
2015-04-11;13:42:47;59.79
2015-04-11;13:44:47;62.24
2015-04-11;13:46:47;59.23
2015-04-11;13:48:47;57.66
2015-04-11;13:50:47;73.16
2015-04-11;13:52:47;60.82
2015-04-11;13:54:47;93.73
2015-04-11;13:56:47;83.45
2015-04-11;13:58:47;85.36
2015-04-11;14:00:47;80.82
2015-04-11;14:02:47;68.98
2015-04-11;14:04:47;64.65
2015-04-11;14:06:47;58.20
2015-04-11;14:08:47;59.51
2015-04-11;14:10:47;56.85
2015-04-11;14:12:47;50.71
2015-04-11;14:14:47;60.93
2015-04-11;14:16:47;56.18
2015-04-11;14:18:47;44.58
2015-04-11;14:20:47;46.81
2015-04-11;14:22:47;50.00
2015-04-11;14:24:47;45.64
2015-04-11;14:26:47;46.25
2015-04-11;14:28:47;53.91
2015-04-11;14:30:47;45.75
2015-04-11;14:32:47;42.56
2015-04-11;14:34:47;42.56
2015-04-11;14:36:47;46.95
2015-04-11;14:38:47;46.21
2015-04-11;14:40:47;49.79
2015-04-11;14:42:47;42.20
2015-04-11;14:44:47;49.83
2015-04-11;14:46:47;36.99
2015-04-11;14:48:47;43.16
2015-04-11;14:50:47;47.81
2015-04-11;14:52:47;43.51
2015-04-11;14:54:47;43.30
2015-04-11;14:56:47;49.44
2015-04-11;14:58:47;49.40
2015-04-11;15:00:47;46.88
2015-04-11;15:02:47;48.27
2015-04-11;15:04:47;43.66
2015-04-11;15:06:47;44.33
2015-04-11;15:08:47;48.27
2015-04-11;15:10:47;39.68
2015-04-11;15:12:47;41.92
2015-04-11;15:14:47;43.76
2015-04-11;15:16:47;42.91
2015-04-11;15:18:47;45.25
2015-04-11;15:20:47;45.25
2015-04-11;15:22:47;41.99
2015-04-11;15:24:47;42.03
2015-04-11;15:26:47;46.14
2015-04-11;15:28:47;43.02
2015-04-11;15:30:47;48.05
2015-04-11;15:32:47;47.56
2015-04-11;15:34:47;55.15
2015-04-11;15:36:47;45.25
2015-04-11;15:38:47;49.12
2015-04-11;15:40:47;44.40
2015-04-11;15:42:47;44.76
2015-04-11;15:44:47;47.42
2015-04-11;15:46:47;40.57
2015-04-11;15:48:47;44.90
2015-04-11;15:50:47;45.22
2015-04-11;15:52:47;41.46
2015-04-11;15:54:47;41.28
2015-04-11;15:56:47;36.32
2015-04-11;15:58:47;43.44
2015-04-11;16:00:47;43.20
2015-04-11;16:02:47;43.16
2015-04-11;16:04:47;46.00
2015-04-11;16:06:47;41.99
2015-04-11;16:08:47;44.47
2015-04-11;16:10:47;40.39
2015-04-11;16:12:47;44.33
2015-04-11;16:14:47;40.54
2015-04-11;16:16:47;47.27
2015-04-11;16:18:47;45.29
2015-04-11;16:20:47;42.59
2015-04-11;16:22:47;37.98
2015-04-11;16:24:47;42.70
2015-04-11;16:26:47;38.66
2015-04-11;16:28:47;39.19
2015-04-11;16:30:47;45.11
2015-04-11;16:32:47;41.99
2015-04-11;16:34:47;42.38
2015-04-11;16:36:47;46.60
2015-04-11;16:38:47;38.76
2015-04-11;16:40:47;40.46
2015-04-11;16:42:47;43.02
2015-04-11;16:44:47;39.68
2015-04-11;16:46:47;42.20
2015-04-11;16:48:47;45.07
2015-04-11;16:50:47;37.45
2015-04-11;16:52:47;39.86
2015-04-11;16:54:47;41.42
2015-04-11;16:56:47;38.48
2015-04-11;16:58:47;41.42
2015-04-11;17:00:47;40.22
2015-04-11;17:02:47;44.51
2015-04-11;17:04:47;39.93
2015-04-11;17:06:47;39.68
2015-04-11;17:08:47;45.82
2015-04-11;17:10:47;43.59
2015-04-11;17:12:47;42.95
2015-04-11;17:14:47;46.49
2015-04-11;17:16:47;40.22
2015-04-11;17:18:47;43.80
2015-04-11;17:20:47;42.24
2015-04-11;17:22:47;43.66
2015-04-11;17:24:47;47.63
2015-04-11;17:26:47;46.03
2015-04-11;17:28:47;45.00
2015-04-11;17:30:47;47.73
2015-04-11;17:32:47;42.42
2015-04-11;17:34:47;37.73
2015-04-11;17:36:47;42.45
2015-04-11;17:38:47;48.23
2015-04-11;17:40:47;49.58
2015-04-11;17:42:47;46.71
2015-04-11;17:44:47;54.40
2015-04-11;17:46:47;45.32
2015-04-11;17:48:47;45.22
2015-04-11;17:50:47;51.14
2015-04-11;17:52:47;45.00
2015-04-11;17:54:47;42.17
2015-04-11;17:56:47;44.90
2015-04-11;17:58:47;40.11
2015-04-11;18:00:47;42.77
2015-04-11;18:02:47;42.31
2015-04-11;18:04:47;44.26
2015-04-11;18:06:47;50.32
2015-04-11;18:08:47;42.56
2015-04-11;18:10:47;47.42
2015-04-11;18:12:47;47.20
2015-04-11;18:14:47;47.17
2015-04-11;18:16:47;40.04
2015-04-11;18:18:47;48.09
2015-04-11;18:20:47;41.63
2015-04-11;18:22:47;41.46
2015-04-11;18:24:47;44.86
2015-04-11;18:26:47;44.54
2015-04-11;18:28:47;44.12
2015-04-11;18:30:47;35.68
2015-04-11;18:32:47;42.24
2015-04-11;18:34:47;40.93
2015-04-11;18:36:47;54.79
2015-04-11;18:38:47;50.93
2015-04-11;18:40:47;48.02
2015-04-11;18:42:47;39.37
2015-04-11;18:44:47;42.98
2015-04-11;18:46:47;37.27
2015-04-11;18:48:47;37.63
2015-04-11;18:50:47;44.47
2015-04-11;18:52:47;45.93
2015-04-11;18:54:47;39.61
2015-04-11;18:56:47;40.75
2015-04-11;18:58:47;38.94
2015-04-11;19:00:47;47.34
2015-04-11;19:02:47;43.48
2015-04-11;19:04:47;42.77
2015-04-11;19:06:47;35.54
2015-04-11;19:08:47;42.03
2015-04-11;19:10:47;41.85
2015-04-11;19:12:47;41.35
2015-04-11;19:14:47;42.06
2015-04-11;19:16:47;39.76
2015-04-11;19:18:47;39.76
2015-04-11;19:20:47;34.01
2015-04-11;19:22:47;41.32
2015-04-11;19:24:47;41.81
2015-04-11;19:26:47;36.46
2015-04-11;19:28:47;36.71
2015-04-11;19:30:47;36.49
2015-04-11;19:32:47;40.04
2015-04-11;19:34:47;40.68
2015-04-11;19:36:47;38.37
2015-04-11;19:38:47;39.61
2015-04-11;19:40:47;39.58
2015-04-11;19:42:47;39.86
2015-04-11;19:44:47;45.43
2015-04-11;19:46:47;38.98
2015-04-11;19:48:47;37.31
2015-04-11;19:50:47;41.78
2015-04-11;19:52:47;39.97
2015-04-11;19:54:47;107.92
2015-04-11;19:56:47;109.51
2015-04-11;19:58:47;102.63
2015-04-11;20:00:47;95.97
2015-04-11;20:02:47;97.28
2015-04-11;20:04:47;90.50
2015-04-11;20:06:47;79.90
2015-04-11;20:08:47;87.21
2015-04-11;20:10:47;82.63
2015-04-11;20:12:47;80.29
2015-04-11;20:14:47;72.42
2015-04-11;20:16:47;85.72
2015-04-11;20:18:47;86.04
2015-04-11;20:20:47;69.76
2015-04-11;20:22:47;71.81
2015-04-11;20:24:47;78.34
2015-04-11;20:26:47;67.67
2015-04-11;20:28:47;67.24
2015-04-11;20:30:47;51.99
2015-04-11;20:32:47;52.91
2015-04-11;20:34:47;52.81
2015-04-11;20:36:47;49.01
2015-04-11;20:38:47;46.21
2015-04-11;20:40:47;47.24
2015-04-11;20:42:47;48.20
2015-04-11;20:44:47;41.07
2015-04-11;20:46:47;44.33
2015-04-11;20:48:47;46.21
2015-04-11;20:50:47;43.37
2015-04-11;20:52:47;42.59
2015-04-11;20:54:47;44.58
2015-04-11;20:56:47;40.39
2015-04-11;20:58:47;40.64
2015-04-11;21:00:47;40.25
2015-04-11;21:02:47;41.24
2015-04-11;21:04:47;36.99
2015-04-11;21:06:47;40.04
2015-04-11;21:08:47;38.41
2015-04-11;21:10:47;33.02
2015-04-11;21:12:47;40.68
2015-04-11;21:14:47;42.49
2015-04-11;21:16:47;33.23
2015-04-11;21:18:47;40.39
2015-04-11;21:20:47;37.31
2015-04-11;21:22:47;33.87
2015-04-11;21:24:47;37.98
2015-04-11;21:26:47;42.91
2015-04-11;21:28:47;36.49
2015-04-11;21:30:47;37.73
2015-04-11;21:32:47;35.64
2015-04-11;21:34:47;39.33
2015-04-11;21:36:47;34.58
2015-04-11;21:38:47;38.05
2015-04-11;21:40:47;34.68
2015-04-11;21:42:47;39.37
2015-04-11;21:44:47;32.27
2015-04-11;21:46:47;39.97
2015-04-11;21:48:47;37.27
2015-04-11;21:50:47;36.24
2015-04-11;21:52:47;38.66
2015-04-11;21:54:47;35.89
2015-04-11;21:56:47;35.96
2015-04-11;21:58:47;40.89
2015-04-11;22:00:47;39.58
2015-04-11;22:02:47;35.57
2015-04-11;22:04:47;34.58
2015-04-11;22:06:47;36.67
2015-04-11;22:08:47;38.51
2015-04-11;22:10:47;34.93
2015-04-11;22:12:47;42.95
2015-04-11;22:14:47;39.05
2015-04-11;22:16:47;38.27
2015-04-11;22:18:47;34.72
2015-04-11;22:20:47;36.53
2015-04-11;22:22:47;38.87
2015-04-11;22:24:47;34.22
2015-04-11;22:26:47;43.02
2015-04-11;22:28:47;38.90
2015-04-11;22:30:47;39.01
2015-04-11;22:32:47;35.71
2015-04-11;22:34:47;39.22
2015-04-11;22:36:47;40.39
2015-04-11;22:38:47;35.82
2015-04-11;22:40:47;40.68
2015-04-11;22:42:47;39.08
2015-04-11;22:44:47;36.00
2015-04-11;22:46:47;37.56
2015-04-11;22:48:47;41.56
2015-04-11;22:50:47;37.02
2015-04-11;22:52:47;35.93
2015-04-11;22:54:47;40.64
2015-04-11;22:56:47;37.59
2015-04-11;22:58:47;36.07
2015-04-11;23:00:47;39.05
2015-04-11;23:02:47;41.63
2015-04-11;23:04:47;43.30
2015-04-11;23:06:47;35.29
2015-04-11;23:08:47;34.15
2015-04-11;23:10:47;29.15
2015-04-11;23:12:47;34.86
2015-04-11;23:14:47;35.96
2015-04-11;23:16:47;35.29
2015-04-11;23:18:47;34.54
2015-04-11;23:20:47;30.36
2015-04-11;23:22:47;35.89
2015-04-11;23:24:47;33.41
2015-04-11;23:26:47;33.55
2015-04-11;23:28:47;35.68
2015-04-11;23:30:47;42.45
2015-04-11;23:32:47;36.42
2015-04-11;23:34:47;39.29
2015-04-11;23:36:47;36.92
2015-04-11;23:38:47;31.49
2015-04-11;23:40:47;39.93
2015-04-11;23:42:47;36.17
2015-04-11;23:44:47;36.32
2015-04-11;23:46:47;41.21
2015-04-11;23:48:47;36.92
2015-04-11;23:50:47;37.95
2015-04-11;23:52:47;39.79
2015-04-11;23:54:47;40.93
2015-04-11;23:56:47;39.47
2015-04-11;23:58:47;39.29
2015-04-12;0:00:47;38.73
2015-04-12;0:02:47;36.78
2015-04-12;0:04:47;42.03
2015-04-12;0:06:47;37.34
2015-04-12;0:08:47;46.32
2015-04-12;0:10:47;43.59
2015-04-12;0:12:47;37.95
2015-04-12;0:14:47;39.33
2015-04-12;0:16:47;35.32
2015-04-12;0:18:47;34.90
2015-04-12;0:20:47;34.33
2015-04-12;0:22:47;33.02
2015-04-12;0:24:47;32.84
2015-04-12;0:26:47;32.63
2015-04-12;0:28:47;36.00
2015-04-12;0:30:47;29.12
2015-04-12;0:32:47;36.56
2015-04-12;0:34:47;30.22
2015-04-12;0:36:47;35.14
2015-04-12;0:38:47;31.21
2015-04-12;0:40:47;26.39
2015-04-12;0:42:47;30.89
2015-04-12;0:44:47;32.80
2015-04-12;0:46:47;32.63
2015-04-12;0:48:47;28.30
2015-04-12;0:50:47;30.64
2015-04-12;0:52:47;32.02
2015-04-12;0:54:47;29.83
2015-04-12;0:56:47;45.89
2015-04-12;0:58:47;29.12
2015-04-12;1:00:47;33.62
2015-04-12;1:02:47;29.44
2015-04-12;1:04:47;29.72
2015-04-12;1:06:47;29.44
2015-04-12;1:08:47;28.12
2015-04-12;1:10:47;29.79
2015-04-12;1:12:47;34.97
2015-04-12;1:14:47;28.09
2015-04-12;1:16:47;31.78
2015-04-12;1:18:47;33.02
2015-04-12;1:20:47;31.70
2015-04-12;1:22:47;28.23
2015-04-12;1:24:47;27.52
2015-04-12;1:26:47;31.49
2015-04-12;1:28:47;31.24
2015-04-12;1:30:47;32.34
2015-04-12;1:32:47;30.25
2015-04-12;1:34:47;34.79
2015-04-12;1:36:47;32.91
2015-04-12;1:38:47;33.73
2015-04-12;1:40:47;35.22
2015-04-12;1:42:47;30.85
2015-04-12;1:44:47;28.69
2015-04-12;1:46:47;26.92
2015-04-12;1:48:47;28.97
2015-04-12;1:50:47;34.79
2015-04-12;1:52:47;31.99
2015-04-12;1:54:47;27.87
2015-04-12;1:56:47;33.41
2015-04-12;1:58:47;30.22
2015-04-12;2:00:47;32.45
2015-04-12;2:02:47;30.82
2015-04-12;2:04:47;29.58
2015-04-12;2:06:47;33.48
2015-04-12;2:08:47;31.99
2015-04-12;2:10:47;29.12
2015-04-12;2:12:47;29.83
2015-04-12;2:14:47;34.93
2015-04-12;2:16:47;32.20
2015-04-12;2:18:47;28.94
2015-04-12;2:20:47;29.05
2015-04-12;2:22:47;34.97
2015-04-12;2:24:47;29.90
2015-04-12;2:26:47;31.85
2015-04-12;2:28:47;29.97
2015-04-12;2:30:47;33.87
2015-04-12;2:32:47;32.34
2015-04-12;2:34:47;31.35
2015-04-12;2:36:47;31.81
2015-04-12;2:38:47;33.80
2015-04-12;2:40:47;28.37
2015-04-12;2:42:47;31.70
2015-04-12;2:44:47;33.48
2015-04-12;2:46:47;32.06
2015-04-12;2:48:47;30.96
2015-04-12;2:50:47;27.09
2015-04-12;2:52:47;27.87
2015-04-12;2:54:47;27.56
2015-04-12;2:56:47;26.92
2015-04-12;2:58:47;31.67
2015-04-12;3:00:47;29.40
2015-04-12;3:02:47;39.83
2015-04-12;3:04:47;33.34
2015-04-12;3:06:47;30.50
2015-04-12;3:08:47;34.08
2015-04-12;3:10:47;28.51
2015-04-12;3:12:47;30.82
2015-04-12;3:14:47;31.56
2015-04-12;3:16:47;26.31
2015-04-12;3:18:47;28.73
2015-04-12;3:20:47;28.19
2015-04-12;3:22:47;30.11
2015-04-12;3:24:47;26.14
2015-04-12;3:26:47;29.97
2015-04-12;3:28:47;29.51
2015-04-12;3:30:47;32.52
2015-04-12;3:32:47;25.61
2015-04-12;3:34:47;28.80
2015-04-12;3:36:47;25.32
2015-04-12;3:38:47;28.58
2015-04-12;3:40:47;33.55
2015-04-12;3:42:47;32.84
2015-04-12;3:44:47;29.51
2015-04-12;3:46:47;28.09
2015-04-12;3:48:47;31.10
2015-04-12;3:50:47;28.62
2015-04-12;3:52:47;29.22
2015-04-12;3:54:47;29.01
2015-04-12;3:56:47;28.23
2015-04-12;3:58:47;27.59
2015-04-12;4:00:47;25.53
2015-04-12;4:02:47;29.22
2015-04-12;4:04:47;35.68
2015-04-12;4:06:47;31.35
2015-04-12;4:08:47;27.95
2015-04-12;4:10:47;27.27
2015-04-12;4:12:47;28.69
2015-04-12;4:14:47;27.77
2015-04-12;4:16:47;25.68
2015-04-12;4:18:47;30.68
2015-04-12;4:20:47;29.72
2015-04-12;4:22:47;26.95
2015-04-12;4:24:47;27.66
2015-04-12;4:26:47;28.16
2015-04-12;4:28:47;27.73
2015-04-12;4:30:47;27.98
2015-04-12;4:32:47;25.11
2015-04-12;4:34:47;28.55
2015-04-12;4:36:47;25.29
2015-04-12;4:38:47;30.22
2015-04-12;4:40:47;27.20
2015-04-12;4:42:47;30.25
2015-04-12;4:44:47;28.12
2015-04-12;4:46:47;29.44
2015-04-12;4:48:47;30.46
2015-04-12;4:50:47;29.97
2015-04-12;4:52:47;29.58
2015-04-12;4:54:47;27.80
2015-04-12;4:56:47;22.31
2015-04-12;4:58:47;31.10
2015-04-12;5:00:47;27.63
2015-04-12;5:02:47;25.07
2015-04-12;5:04:47;33.16
2015-04-12;5:06:47;28.58
2015-04-12;5:08:47;26.53
2015-04-12;5:10:47;29.12
2015-04-12;5:12:47;30.11
2015-04-12;5:14:47;30.00
2015-04-12;5:16:47;29.22
2015-04-12;5:18:47;29.90
2015-04-12;5:20:47;29.44
2015-04-12;5:22:47;31.24
2015-04-12;5:24:47;27.27
2015-04-12;5:26:47;28.83
2015-04-12;5:28:47;28.02
2015-04-12;5:30:47;32.52
2015-04-12;5:32:47;29.68
2015-04-12;5:34:47;26.81
2015-04-12;5:36:47;35.50
2015-04-12;5:38:47;34.51
2015-04-12;5:40:47;28.87
2015-04-12;5:42:47;29.36
2015-04-12;5:44:47;27.24
2015-04-12;5:46:47;28.12
2015-04-12;5:48:47;32.06
2015-04-12;5:50:47;31.10
2015-04-12;5:52:47;27.66
2015-04-12;5:54:47;33.44
2015-04-12;5:56:47;34.26
2015-04-12;5:58:47;29.65
2015-04-12;6:00:47;34.58
2015-04-12;6:02:47;30.50
2015-04-12;6:04:47;34.75
2015-04-12;6:06:47;30.96
2015-04-12;6:08:47;29.54
2015-04-12;6:10:47;35.18
2015-04-12;6:12:47;35.93
2015-04-12;6:14:47;40.15
2015-04-12;6:16:47;29.79
2015-04-12;6:18:47;33.34
2015-04-12;6:20:47;34.72
2015-04-12;6:22:47;30.61
2015-04-12;6:24:47;37.34
2015-04-12;6:26:47;39.51
2015-04-12;6:28:47;33.66
2015-04-12;6:30:47;32.38
2015-04-12;6:32:47;36.67
2015-04-12;6:34:47;36.42
2015-04-12;6:36:47;34.51
2015-04-12;6:38:47;31.63
2015-04-12;6:40:47;35.68
2015-04-12;6:42:47;34.36
2015-04-12;6:44:47;32.45
2015-04-12;6:46:47;34.68
2015-04-12;6:48:47;38.05
2015-04-12;6:50:47;35.46
2015-04-12;6:52:47;35.07
2015-04-12;6:54:47;36.14
2015-04-12;6:56:47;34.65
2015-04-12;6:58:47;34.40
2015-04-12;7:00:47;33.41
2015-04-12;7:02:47;33.05
2015-04-12;7:04:47;37.56
2015-04-12;7:06:47;32.88
2015-04-12;7:08:47;35.96
2015-04-12;7:10:47;28.09
2015-04-12;7:12:47;35.54
2015-04-12;7:14:47;31.95
2015-04-12;7:16:47;36.07
2015-04-12;7:18:47;36.53
2015-04-12;7:20:47;30.25
2015-04-12;7:22:47;33.48
2015-04-12;7:24:47;37.20
2015-04-12;7:26:47;34.26
2015-04-12;7:28:47;40.61
2015-04-12;7:30:47;30.68
2015-04-12;7:32:47;31.63
2015-04-12;7:34:47;30.64
2015-04-12;7:36:47;30.00
2015-04-12;7:38:47;35.46
2015-04-12;7:40:47;36.60
2015-04-12;7:42:47;33.37
2015-04-12;7:44:47;34.90
2015-04-12;7:46:47;35.82
2015-04-12;7:48:47;34.22
2015-04-12;7:50:47;39.15
2015-04-12;7:52:47;36.46
2015-04-12;7:54:47;34.61
2015-04-12;7:56:47;35.64
2015-04-12;7:58:47;38.34
2015-04-12;8:00:47;32.34
2015-04-12;8:02:47;38.09
2015-04-12;8:04:47;37.10
2015-04-12;8:06:47;32.27
2015-04-12;8:08:47;40.89
2015-04-12;8:10:47;36.07
2015-04-12;8:12:47;33.37
2015-04-12;8:14:47;35.32
2015-04-12;8:16:47;31.78
2015-04-12;8:18:47;34.01
2015-04-12;8:20:47;34.05
2015-04-12;8:22:47;34.83
2015-04-12;8:24:47;35.00
2015-04-12;8:26:47;35.46
2015-04-12;8:28:47;31.67
2015-04-12;8:30:47;36.60
2015-04-12;8:32:47;39.33
2015-04-12;8:34:47;34.19
2015-04-12;8:36:47;40.54
2015-04-12;8:38:47;40.89
2015-04-12;8:40:47;40.46
2015-04-12;8:42:47;43.23
2015-04-12;8:44:47;45.43
2015-04-12;8:46:47;55.61
2015-04-12;8:48:47;49.22
2015-04-12;8:50:47;54.76
2015-04-12;8:52:47;58.44
2015-04-12;8:54:47;62.52
2015-04-12;8:56:47;61.60
2015-04-12;8:58:47;61.21
2015-04-12;9:00:47;69.08
2015-04-12;9:02:47;68.87
2015-04-12;9:04:47;73.73
2015-04-12;9:06:47;90.68
2015-04-12;9:08:47;92.99
2015-04-12;9:10:47;92.92
2015-04-12;9:12:47;95.58
2015-04-12;9:14:47;106.61
2015-04-12;9:16:47;99.58
2015-04-12;9:18:47;98.02
2015-04-12;9:20:47;123.63
2015-04-12;9:22:47;118.17
2015-04-12;9:24:47;89.72
2015-04-12;9:26:47;126.22
2015-04-12;9:28:47;148.91
2015-04-12;9:30:47;139.41
2015-04-12;9:32:47;120.83
2015-04-12;9:34:47;141.93
2015-04-12;9:36:47;141.22
2015-04-12;9:38:47;129.37
2015-04-12;9:40:47;113.34
2015-04-12;9:42:47;128.49
2015-04-12;9:44:47;132.64
2015-04-12;9:46:47;113.10
2015-04-12;9:48:47;107.14
2015-04-12;9:50:47;128.10
2015-04-12;9:52:47;134.87
2015-04-12;9:54:47;110.93
2015-04-12;9:56:47;101.04
2015-04-12;9:58:47;109.37
2015-04-12;10:00:47;96.21
2015-04-12;10:02:47;74.69
2015-04-12;10:04:47;78.52
2015-04-12;10:06:47;84.40
2015-04-12;10:08:47;87.67
2015-04-12;10:10:47;76.35
2015-04-12;10:12:47;80.96
2015-04-12;10:14:47;77.38
2015-04-12;10:16:47;78.23
2015-04-12;10:18:47;82.21
2015-04-12;10:20:47;95.58
2015-04-12;10:22:47;68.76
2015-04-12;10:24:47;77.17
2015-04-12;10:26:47;70.61
2015-04-12;10:28:47;67.03
2015-04-12;10:30:47;60.86
2015-04-12;10:32:47;57.77
2015-04-12;10:34:47;64.72
2015-04-12;10:36:47;55.47
2015-04-12;10:38:47;47.66
2015-04-12;10:40:47;51.95
2015-04-12;10:42:47;59.72
2015-04-12;10:44:47;57.45
2015-04-12;10:46:47;52.49
2015-04-12;10:48:47;53.80
2015-04-12;10:50:47;44.51
2015-04-12;10:52:47;51.56
2015-04-12;10:54:47;45.57
2015-04-12;10:56:47;52.45
2015-04-12;10:58:47;62.52
2015-04-12;11:00:47;60.75
2015-04-12;11:02:47;53.09
2015-04-12;11:04:47;53.13
2015-04-12;11:06:47;47.70
2015-04-12;11:08:47;44.15
2015-04-12;11:10:47;38.37
2015-04-12;11:12:47;48.51
2015-04-12;11:14:47;41.56
2015-04-12;11:16:47;47.38
2015-04-12;11:18:47;54.37
2015-04-12;11:20:47;48.09
2015-04-12;11:22:47;50.93
2015-04-12;11:24:47;46.03
2015-04-12;11:26:47;46.10
2015-04-12;11:28:47;47.63
2015-04-12;11:30:47;37.10
2015-04-12;11:32:47;52.59
2015-04-12;11:34:47;49.61
2015-04-12;11:36:47;44.47
2015-04-12;11:38:47;45.71
2015-04-12;11:40:47;48.59
2015-04-12;11:42:47;39.12
2015-04-12;11:44:47;42.03
2015-04-12;11:46:47;41.03
2015-04-12;11:48:47;45.75
2015-04-12;11:50:47;36.81
2015-04-12;11:52:47;44.51
2015-04-12;11:54:47;46.17
2015-04-12;11:56:47;38.48
2015-04-12;11:58:47;44.54
2015-04-12;12:00:47;39.86
2015-04-12;12:02:47;36.67
2015-04-12;12:04:47;40.25
2015-04-12;12:06:47;37.63
2015-04-12;12:08:47;40.71
2015-04-12;12:10:47;37.84
2015-04-12;12:12:47;33.97
2015-04-12;12:14:47;32.98
2015-04-12;12:16:47;39.86
2015-04-12;12:18:47;35.57
2015-04-12;12:20:47;31.03
2015-04-12;12:22:47;34.65
2015-04-12;12:24:47;36.24
2015-04-12;12:26:47;31.74
2015-04-12;12:28:47;30.92
2015-04-12;12:30:47;34.44
2015-04-12;12:32:47;28.73
2015-04-12;12:34:47;33.27
2015-04-12;12:36:47;34.68
2015-04-12;12:38:47;31.60
2015-04-12;12:40:47;34.08
2015-04-12;12:42:47;36.49
2015-04-12;12:44:47;32.98
2015-04-12;12:46:47;34.22
2015-04-12;12:48:47;29.08
2015-04-12;12:50:47;28.51
2015-04-12;12:52:47;30.50
2015-04-12;12:54:47;28.19
2015-04-12;12:56:47;32.13
2015-04-12;12:58:47;29.15
2015-04-12;13:00:47;29.65
2015-04-12;13:02:47;29.93
2015-04-12;13:04:47;32.02
2015-04-12;13:06:47;29.08
2015-04-12;13:08:47;31.10
2015-04-12;13:10:47;27.52
2015-04-12;13:12:47;29.44
2015-04-12;13:14:47;26.49
2015-04-12;13:16:47;31.24
2015-04-12;13:18:47;27.77
2015-04-12;13:20:47;26.63
2015-04-12;13:22:47;26.03
2015-04-12;13:24:47;25.14
2015-04-12;13:26:47;28.62
2015-04-12;13:28:47;26.14
2015-04-12;13:30:47;28.16
2015-04-12;13:32:47;23.19
2015-04-12;13:34:47;24.08
2015-04-12;13:36:47;29.97
2015-04-12;13:38:47;28.87
2015-04-12;13:40:47;22.48
2015-04-12;13:42:47;27.41
2015-04-12;13:44:47;25.00
2015-04-12;13:46:47;27.02
2015-04-12;13:48:47;22.20
2015-04-12;13:50:47;28.02
2015-04-12;13:52:47;27.80
2015-04-12;13:54:47;20.14
2015-04-12;13:56:47;25.64
2015-04-12;13:58:47;24.26
2015-04-12;14:00:47;24.40
2015-04-12;14:02:47;25.61
2015-04-12;14:04:47;27.95
2015-04-12;14:06:47;25.39
2015-04-12;14:08:47;25.61
2015-04-12;14:10:47;24.22
2015-04-12;14:12:47;24.36
2015-04-12;14:14:47;22.17
2015-04-12;14:16:47;25.07
2015-04-12;14:18:47;24.40
2015-04-12;14:20:47;19.97
2015-04-12;14:22:47;23.23
2015-04-12;14:24:47;20.21
2015-04-12;14:26:47;20.82
2015-04-12;14:28:47;18.48
2015-04-12;14:30:47;21.88
2015-04-12;14:32:47;23.09
2015-04-12;14:34:47;20.82
2015-04-12;14:36:47;18.05
2015-04-12;14:38:47;22.24
2015-04-12;14:40:47;21.85
2015-04-12;14:42:47;20.46
2015-04-12;14:44:47;27.09
2015-04-12;14:46:47;22.52
2015-04-12;14:48:47;24.79
2015-04-12;14:50:47;22.17
2015-04-12;14:52:47;21.67
2015-04-12;14:54:47;22.52
2015-04-12;14:56:47;21.99
2015-04-12;14:58:47;20.64
2015-04-12;15:00:47;22.17
2015-04-12;15:02:47;23.65
2015-04-12;15:04:47;26.99
2015-04-12;15:06:47;24.15
2015-04-12;15:08:47;26.24
2015-04-12;15:10:47;21.24
2015-04-12;15:12:47;22.77
2015-04-12;15:14:47;22.02
2015-04-12;15:16:47;21.49
2015-04-12;15:18:47;26.92
2015-04-12;15:20:47;21.53
2015-04-12;15:22:47;25.22
2015-04-12;15:24:47;22.34
2015-04-12;15:26:47;22.45
2015-04-12;15:28:47;23.55
2015-04-12;15:30:47;24.82
2015-04-12;15:32:47;21.70
2015-04-12;15:34:47;25.11
2015-04-12;15:36:47;22.63
2015-04-12;15:38:47;25.85
2015-04-12;15:40:47;22.34
2015-04-12;15:42:47;25.25
2015-04-12;15:44:47;24.86
2015-04-12;15:46:47;24.08
2015-04-12;15:48:47;26.78
2015-04-12;15:50:47;23.12
2015-04-12;15:52:47;23.65
2015-04-12;15:54:47;23.51
2015-04-12;15:56:47;27.09
2015-04-12;15:58:47;24.51
2015-04-12;16:00:47;22.34
2015-04-12;16:02:47;24.68
2015-04-12;16:04:47;24.19
2015-04-12;16:06:47;29.90
2015-04-12;16:08:47;23.87
2015-04-12;16:10:47;25.68
2015-04-12;16:12:47;26.67
2015-04-12;16:14:47;22.98
2015-04-12;16:16:47;26.95
2015-04-12;16:18:47;25.11
2015-04-12;16:20:47;21.42
2015-04-12;16:22:47;26.70
2015-04-12;16:24:47;24.68
2015-04-12;16:26:47;24.65
2015-04-12;16:28:47;21.77
2015-04-12;16:30:47;23.90
2015-04-12;16:32:47;24.61
2015-04-12;16:34:47;23.30
2015-04-12;16:36:47;24.43
2015-04-12;16:38:47;24.08
2015-04-12;16:40:47;21.67
2015-04-12;16:42:47;23.76
2015-04-12;16:44:47;22.27
2015-04-12;16:46:47;20.89
2015-04-12;16:48:47;21.35
2015-04-12;16:50:47;23.05
2015-04-12;16:52:47;22.09
2015-04-12;16:54:47;28.30
2015-04-12;16:56:47;17.38
2015-04-12;16:58:47;23.51
2015-04-12;17:00:47;24.65
2015-04-12;17:02:47;22.98
2015-04-12;17:04:47;24.51
2015-04-12;17:06:47;20.43
2015-04-12;17:08:47;20.82
2015-04-12;17:10:47;23.58
2015-04-12;17:12:47;23.80
2015-04-12;17:14:47;21.56
2015-04-12;17:16:47;20.71
2015-04-12;17:18:47;23.83
2015-04-12;17:20:47;23.51
2015-04-12;17:22:47;22.41
2015-04-12;17:24:47;22.59
2015-04-12;17:26:47;26.07
2015-04-12;17:28:47;24.75
2015-04-12;17:30:47;24.04
2015-04-12;17:32:47;20.21
2015-04-12;17:34:47;24.43
2015-04-12;17:36:47;26.63
2015-04-12;17:38:47;25.92
2015-04-12;17:40:47;26.49
2015-04-12;17:42:47;31.35
2015-04-12;17:44:47;23.23
2015-04-12;17:46:47;26.35
2015-04-12;17:48:47;26.42
2015-04-12;17:50:47;26.21
2015-04-12;17:52:47;26.39
2015-04-12;17:54:47;23.65
2015-04-12;17:56:47;27.63
2015-04-12;17:58:47;25.04
2015-04-12;18:00:47;23.69
2015-04-12;18:02:47;25.29
2015-04-12;18:04:47;24.82
2015-04-12;18:06:47;22.98
2015-04-12;18:08:47;32.77
2015-04-12;18:10:47;28.16
2015-04-12;18:12:47;31.31
2015-04-12;18:14:47;25.53
2015-04-12;18:16:47;26.14
2015-04-12;18:18:47;26.63
2015-04-12;18:20:47;25.82
2015-04-12;18:22:47;23.55
2015-04-12;18:24:47;24.93
2015-04-12;18:26:47;22.52
2015-04-12;18:28:47;22.24
2015-04-12;18:30:47;28.51
2015-04-12;18:32:47;26.39
2015-04-12;18:34:47;24.65
2015-04-12;18:36:47;27.09
2015-04-12;18:38:47;26.95
2015-04-12;18:40:47;24.86
2015-04-12;18:42:47;27.73
2015-04-12;18:44:47;25.82
2015-04-12;18:46:47;26.28
2015-04-12;18:48:47;24.75
2015-04-12;18:50:47;24.58
2015-04-12;18:52:47;28.55
2015-04-12;18:54:47;24.40
2015-04-12;18:56:47;31.17
2015-04-12;18:58:47;26.56
2015-04-12;19:00:47;25.78
2015-04-12;19:02:47;31.74
2015-04-12;19:04:47;24.82
2015-04-12;19:06:47;30.43
2015-04-12;19:08:47;26.60
2015-04-12;19:10:47;30.57
2015-04-12;19:12:47;26.39
2015-04-12;19:14:47;26.78
2015-04-12;19:16:47;27.38
2015-04-12;19:18:47;31.14
2015-04-12;19:20:47;25.75
2015-04-12;19:22:47;26.42
2015-04-12;19:24:47;24.15
2015-04-12;19:26:47;28.62
2015-04-12;19:28:47;27.48
2015-04-12;19:30:47;27.20
2015-04-12;19:32:47;24.22
2015-04-12;19:34:47;21.81
2015-04-12;19:36:47;26.46
2015-04-12;19:38:47;22.95
2015-04-12;19:40:47;25.04
2015-04-12;19:42:47;24.79
2015-04-12;19:44:47;21.28
2015-04-12;19:46:47;25.50
2015-04-12;19:48:47;27.77
2015-04-12;19:50:47;23.05
2015-04-12;19:52:47;27.98
2015-04-12;19:54:47;23.19
2015-04-12;19:56:47;21.70
2015-04-12;19:58:47;21.63
2015-04-12;20:00:47;28.30
2015-04-12;20:02:47;25.18
2015-04-12;20:04:47;23.30
2015-04-12;20:06:47;24.36
2015-04-12;20:08:47;26.95
